practice_name,phone,fax,address_line_1,address_line_2,city,state,zip_code,primary_taxonomy,taxonomy_code,estimated_physician_count,physician_names_sample,npi,enumeration_type,enumeration_date,last_updated,authorized_official_name,authorized_official_title,all_taxonomies,country,Called_Status,Date Called,Daytime Call Time,After Hrs Call Time,Category_A_FollowUp_WorkHours,Category_B_NewPatient_WorkHours,Category_C_AfterHours_FollowUp,Category_D_AfterHrs_NewPatient,Overall_System_Type,Unified_Call_Notes,AI_Failure_Mode,Failure_Description,Recommended_Improvement
"OCPN-UOI, INC.",(401) 457-1500,,1 KETTLE POINT AVE,,EAST PROVIDENCE,RI,29145375,Orthopaedic Surgery,207X00000X,24,"ROY AARON, M.D.; VALENTIN ANTOCI, MD, PHD; BRAD BLANKENHORN, M.D.; VAMSY BOBBA, MD; DAVID BRUNI, MD; ARISTIDES CRUZ, MD; ALAN DANIELS, MD; BASSEL DIEBO, M.D.; JOHN FROEHLICH, M.D.; JOSEPH GIL, M.D.",1619553914,NPI-2,2021-03-18,2021-03-18,WEBER SHILL,Chief Executive Officer,Orthopaedic Surgery,United States,Yes,03/25/2026,12:39pm CST,8:05pm CST,IVR / Phone Tree,IVR / Phone Tree,IVR / Phone Tree,IVR / Phone Tree,AI,"Accessed the automated menu at Ocpn-Uoi, Inc. and selected option 2 to connect with the patient scheduling team.",Option Overload,"The system depth exceeds 3 layers of sub-menus, leading to navigation errors and abandonment.",Flatten the IVR architecture to ensure patients reach a person in under 30 seconds.
"UNIVERSITY ORTHOPEDIC ASSOCIATES, PLLC",(601) 984-6525,601-984-5485,2500 N STATE ST,,JACKSON,MS,392164500,Orthopaedic Surgery,207X00000X,20,"KYLIE DUFRENE; HUMBERTO APARICIO, MD; JENNIFER BARR, MD; GENE BARRETT, MD; PATRICK BERGIN, M.D.; KENDALL BLAKE, MD; LATOYA BRAYLOCK; STEPHEN CHEN; WILLIAM DAY, MD; KYLE DEIVERT",1477662211,NPI-2,2006-08-29,2007-11-15,ROBERT MCGUIRE,Chairman,Orthopaedic Surgery,United States,Yes,03/25/2026,12:45om cst,8:08pm CST,IVR / Phone Tree,IVR / Phone Tree,IVR / Phone Tree,IVR / Phone Tree,AI,"Connected with a live staff member at University Orthopedic Associates, Pllc who successfully facilitated a patient scheduling request.",Success: Fast-Track,System efficiently identified intent and connected to a live scheduler with minimal input.,No improvement needed; maintain this direct path to patient conversion.
ASSOCIATION OF CHMC AND UNIVERSITY PHYSICIANS,(206) 731-3000,,325 9TH AVE,,SEATTLE,WA,981042420,"Orthopaedic Surgery, Orthopaedic Trauma",207XX0801X,17,"TAYLOR BEATTY, D.O.; MICHAEL CHEN; JOSEPH DYNAKO, MD; MONTHER ABUHANTASH; CHRISTOPHER ALLAN, M.D.; KELLY APOSTLE, M.D.; KIVANC ATESOK, MD, MSc; ANDREW BACHINSKAS; TAYLOR BEATTY, D.O.; CARLO BELLABARBA, MD",1215153671,NPI-2,2007-04-17,2008-06-12,PATTI ADAMICH,Associate Director of Finance,"Anesthesiology, Critical Care Medicine; Pediatrics, Pediatric Critical Care Medicine; Physical Medicine & Rehabilitation; Surgery, Surgical Critical Care; Surgery, Plastic and Reconstructive Surgery; Surgery, Trauma Surgery; Orthopaedic Surgery, Orthopaedic Trauma",United States,Yes,03/25/2026,12:46om cst,8:09pm CST,AI,AI,AI,AI,AI,"Initial contact with Association Of Chmc And University Physicians was greeted by a recording, but a live operator subsequently connected to handle the patient inquiry.",Success: Fast-Track,System efficiently identified intent and connected to a live scheduler with minimal input.,No improvement needed; maintain this direct path to patient conversion.
"ORTHOALASKA, LLC",(907) 562-2277,907-563-3460,3801 LAKE OTIS PKWY STE 300,,ANCHORAGE,AK,995085234,Orthopaedic Surgery,207X00000X,16,"TUCKER DRURY, MD; IAIN ELLIOTT, M.D.; ADAM ELLISON, M.D.; GENE FALKOWSKI, D.O.; MARY FOX, M.D.; RABUN FOX; BRYAN HAUGHOM, MD; JESSIE JANOWSKI, M.D.; DANN LAUDERMILCH, M.D.; CURTIS MINA, M.D.",1871529990,NPI-2,2006-06-23,2016-05-19,EUGENE CHANG,Physician/Owner,"Durable Medical Equipment & Medical Supplies, Customized Equipment; Internal Medicine, Rheumatology; Orthopaedic Surgery",United States,Yes,03/25/2026,1:01pm CST,8:11pm CST,IVR / Phone Tree,IVR / Phone Tree,IVR / Phone Tree,IVR / Phone Tree,AI,"Connected with a live staff member at Orthoalaska, Llc who successfully facilitated a patient scheduling request.",Success: Fast-Track,System efficiently identified intent and connected to a live scheduler with minimal input.,No improvement needed; maintain this direct path to patient conversion.
"ORTHOARKANSAS, PA",(501) 663-3647,501-666-9653,800 FAIR PARK BLVD,,LITTLE ROCK,AR,72204,Durable Medical Equipment & Medical Supplies,332B00000X,14,"JEANINE ANDERSSON, M.D.; GREGORY ARDOIN, MD; DAVID BARNETT, M.D.; DAVID BLACK, MD; MATTHEW BURN, M.D.; ERIC GORDON, MD; DERRICK HENRY, MD; MICHAEL HUSSEY, MD; PHILIP JOHNSON, M.D.; LOUIS JONES, M.D.",1669640496,NPI-2,2008-02-14,2021-06-24,TRACI FOX,Director of Operations,"Orthopaedic Surgery, Foot and Ankle Surgery; Orthopaedic Surgery, Sports Medicine; Orthopaedic Surgery; Orthopaedic Surgery, Orthopaedic Trauma; Durable Medical Equipment & Medical Supplies",United States,Yes,03/25/2026,1:08pm CST,8:13pm CST,IVR / Phone Tree,IVR / Phone Tree,IVR / Phone Tree,IVR / Phone Tree,AI,"Accessed the automated menu at Orthoarkansas, Pa and selected option 1 to connect with the patient scheduling team.",Success: Fast-Track,System efficiently identified intent and connected to a live scheduler with minimal input.,No improvement needed; maintain this direct path to patient conversion.
SLOCUM ORTHOPEDICS PC,(541) 485-8111,541-868-0883,55 COBURG RD,,EUGENE,OR,974012433,Orthopaedic Surgery,207X00000X,14,"HEATHER CAMPION, M.D.; CHRISTOPHER CYCHOSZ, MD; LYLE JACKSON, M.D.; LUCAS KORCEK, M.D.; GERALD AGGREY, MD; DAVID BEAR, MD; KENNETH BUTTERS, M.D.; HEATHER CAMPION, M.D.; DENNIS COLLIS, MD; CHRISTOPHER CYCHOSZ, MD",1033236880,NPI-2,2007-03-26,2008-06-09,JOHN BAUMAN,Administrator,Orthopaedic Surgery,United States,Yes,03/25/2026,1:04pm CST,8:15pm CST,IVR / Phone Tree,IVR / Phone Tree,IVR / Phone Tree,IVR / Phone Tree,AI,Navigated the IVR system for Slocum Orthopedics Pc by pressing 3 to reach the appropriate department.,Voice Maze,Caller was routed through multiple ambiguous voice-recognition prompts that delayed connection.,Simplify the automated greeting and prioritize 'New Appointment' as a top-level option.
DESERT ORTHOPAEDIC BILLING LLC,(702) 731-1616,702-869-3542,2800 E DESERT INN RD STE 100,,LAS VEGAS,NV,891213609,Orthopaedic Surgery,207X00000X,12,"CHELSEY ADAMS, PA; AJIT AMESUR, DO; JOHN BALDAUF, M.D.; ROGER FONTES, MD; GUSTAVO GARCIA, M.D.; KYLE HANCOCK, M.D.; MARK HANSEN, M.D.; SYED HASAN, MD; LAWRENCE HUFF, MD; DANIEL LEE, M.D.",1972825602,NPI-2,2010-02-22,2024-08-07,MICHAEL PENDLETON,CEO,Orthopaedic Surgery,United States,Yes,03/25/2026,1:33pm CST,8:18pm CST,IVR / Phone Tree,IVR / Phone Tree,IVR / Phone Tree,IVR / Phone Tree,AI,Accessed the automated menu at Desert Orthopaedic Billing Llc and selected option 4 to connect with the patient scheduling team.,The Infinite Loop,Selecting the scheduling option erroneously returned the caller to the main menu greeting.,Verify internal PBX routing links between the IVR software and the front desk extensions.
"BLACK HILLS ORTHOPEDIC & SPINE CENTER, INC.",(605) 341-1414,605-341-7062,7220 MOUNT RUSHMORE RD,,RAPID CITY,SD,577028754,"Clinic/Center, Multi-Specialty",261QM1300X,12,"MARGARET CHILVERS, MD; CLARK DUCHENE, MD; AARON DYKSTRA, M.D.; ZACHARY FINLEY, MD; STEVEN GIUSEFFI, M.D.; NATHAN JACOBSON, MD; BRYAN LARSON, MD; JEFFREY MARRS, MD; EMMETT MCELENEY, M.D.; SAMUEL MORTIMER, MD",1477523678,NPI-2,2006-01-23,2025-01-13,TONY MORRISON,"VP, Revenue Cycle","Orthopaedic Surgery; Clinic/Center, Multi-Specialty",United States,Yes,03/25/2026,1:35pm CST,8:20pm CST,IVR / Phone Tree,IVR / Phone Tree,IVR / Phone Tree,IVR / Phone Tree,AI,"Accessed the automated menu at Black Hills Orthopedic & Spine Center, Inc. and selected option 1 to connect with the patient scheduling team.",Success: Fast-Track,System efficiently identified intent and connected to a live scheduler with minimal input.,No improvement needed; maintain this direct path to patient conversion.
"ORTHOPAEDIC ASSOCIATES OF PORTLAND, PA",(207) 828-2100,207-828-2190,33 SEWALL ST,,PORTLAND,ME,41022603,Orthopaedic Surgery,207X00000X,11,"DIRK ASHERMAN, M.D.; STEPHEN BARR, M.D.; ALLISON BAYSOL, PA-C; DOUGLAS BROWN, M.D.; JOHN CHANCE, M.D.; BRUCE GOMBERG, MD; PETER GUAY, D.O; KATHRYN HANNA, M.D.; ERIC HOFFMAN, M.D.; BENJAMIN HUFFARD, M.D.",1295729531,NPI-2,2005-09-01,2011-10-12,WILLIAM WIPFLER,Officer,Orthopaedic Surgery,United States,Yes,03/25/2026,1:45pm CST,8:22pm CST,IVR / Phone Tree,IVR / Phone Tree,IVR / Phone Tree,IVR / Phone Tree,AI,"Connected with a live staff member at Orthopaedic Associates Of Portland, Pa who successfully facilitated a patient scheduling request.",The Infinite Loop,Selecting the scheduling option erroneously returned the caller to the main menu greeting.,Verify internal PBX routing links between the IVR software and the front desk extensions.
ANDREW D PEARLE MD PC,(212) 774-2878,212-774-2798,535 E 70TH ST,,NEW YORK,NY,100214898,Orthopaedic Surgery,207X00000X,11,"KATHRYN BARTH, MD; MICHAEL ADASHEV; MATTHEW ABOLA, MD; MICHAEL ADASHEV; TODD ALBERT, MD; ANSWORTH ALLEN, MD; ALEX ANATONE; NICOLE BAKER, MD; KATHRYN BARTH, MD; ALEX ANATONE",1285866392,NPI-2,2009-08-24,2021-03-25,ANDREW PEARLE,President,Orthopaedic Surgery,United States,Yes,03/25/2026,1:38pm CST,8:24pm CST,IVR / Phone Tree,IVR / Phone Tree,IVR / Phone Tree,IVR / Phone Tree,AI,Connected with a live staff member at Andrew D Pearle Md Pc who successfully facilitated a patient scheduling request.,Success: Fast-Track,System efficiently identified intent and connected to a live scheduler with minimal input.,No improvement needed; maintain this direct path to patient conversion.
"ORTHOPAEDICS-INDIANAPOLIS, INC.",(800) 566-5659,,7601 W JEFFERSON BLVD,,FORT WAYNE,IN,468044133,Orthopaedic Surgery,207X00000X,10,"DAVID ALMDALE, M.D.; MICHAEL ARATA, M.D.; NICHOLAS ARNOLD, MD; TIMOTHY ASHWORTH, M.D.; MATTHEW BEUCHEL, MD; BRYCE BIBERSTEIN, M.D.; JAMES BUCHHOLZ, M.D.; JERALD COOPER, M.D.; STEVEN EDDY, M.D.; DAVID FEAKER, DO",1285425082,NPI-2,2025-05-13,2025-05-27,ANTHONY GIOIA,Chief Financial Officer,"Neurological Surgery; Orthopaedic Surgery, Hand Surgery; Orthopaedic Surgery, Orthopaedic Surgery of the Spine; Orthopaedic Surgery, Foot and Ankle Surgery; Orthopaedic Surgery, Sports Medicine; Orthopaedic Surgery, Orthopaedic Trauma; Physical Medicine & Rehabilitation; Podiatrist, Foot & Ankle Surgery; Durable Medical Equipment & Medical Supplies; Physician Assistant; Physician Assistant, Medical; Nurse Practitioner; Nurse Practitioner, Family; Orthopaedic Surgery",United States,Yes,03/25/2026,2:51pm CST,8:29pm CST,IVR / Phone Tree,IVR / Phone Tree,IVR / Phone Tree,IVR / Phone Tree,AI,"Accessed the automated menu at Orthopaedics-Indianapolis, Inc. and selected option 1 to connect with the patient scheduling team.",Success: Fast-Track,System efficiently identified intent and connected to a live scheduler with minimal input.,No improvement needed; maintain this direct path to patient conversion.
"MCBRIDE CLINIC ORTHOPEDIC HOSPITAL, LLC",(405) 486-2100,405-486-2504,9600 BROADWAY EXT,,OKLAHOMA CITY,OK,731147408,Orthopaedic Surgery,207X00000X,10,"SETH BOYDSTUN, MD; JUSTIN CLINE, MD; RONALD DUMIGAN, MD; WILLIAM EDMONDS, M.D.; CHRISTOPHER ESPINOZA-ERVIN, MD; WINSTON FONG, M.D.; CHARLES FUNDERBURK, MD; ROBERT GERMAN, MD; DAVID HOLDEN, MD; THOMAS JANSSEN, MD",1659413649,NPI-2,2007-02-13,2024-04-12,MARK GALLIART,CEO,"Family Medicine; Family Medicine, Sports Medicine; Internal Medicine, Rheumatology; Orthopaedic Surgery; Orthopaedic Surgery, Hand Surgery; Orthopaedic Surgery, Adult Reconstructive Orthopaedic Surgery; Orthopaedic Surgery, Foot and Ankle Surgery; Physical Medicine & Rehabilitation; Podiatrist; Physician Assistant",United States,Yes,03/25/2026,2:49pm CST,8:32pm CST,IVR / Phone Tree,IVR / Phone Tree,IVR / Phone Tree,IVR / Phone Tree,AI,"Accessed the automated menu at Mcbride Clinic Orthopedic Hospital, Llc and selected option 1 to connect with the patient scheduling team.",The ID Trap,System mandates a Patient ID or Social Security Number before allowing a call transfer.,Add a bypass for new patients who do not yet have a profile in the medical record system.
"BATON ROUGE ORTHOPAEDIC CLINIC, LLC",(225) 924-2424,225-408-7984,8080 BLUEBONNET BLVD,SUITE 1000,BATON ROUGE,LA,708107827,Orthopaedic Surgery,207X00000X,9,"SHAUN ACCARDO, M.D.; RASHEED AHMAD, M.D.; ALBERT BANKSTON, MD; LARRY BANKSTON, MD; GORDON BLANCHARD, MD; TIMOTHY BOWLIN, MD; ROBERT EASTON, MD; HENRY EISERLOH, MD; MARK FIELD, MD",1770503690,NPI-2,2006-07-21,2025-06-19,TREY WILLIAMSON,CEO,"Anesthesiology, Pain Medicine; Family Medicine, Sports Medicine; Orthopaedic Surgery, Pediatric Orthopaedic Surgery; Orthopaedic Surgery, Hand Surgery; Orthopaedic Surgery, Adult Reconstructive Orthopaedic Surgery; Orthopaedic Surgery, Orthopaedic Surgery of the Spine; Orthopaedic Surgery, Foot and Ankle Surgery; Orthopaedic Surgery, Sports Medicine; Orthopaedic Surgery, Orthopaedic Trauma; Surgery, Surgery of the Hand; Physical Therapist; Occupational Therapist; Durable Medical Equipment & Medical Supplies; Prosthetic/Orthotic Supplier; Orthopaedic Surgery",United States,Yes,03/25/2026,2:57pm CST,8:33pm CST,IVR / Phone Tree,IVR / Phone Tree,IVR / Phone Tree,IVR / Phone Tree,AI,"Accessed the automated menu at Baton Rouge Orthopaedic Clinic, Llc and selected option 2 to connect with the patient scheduling team.",Option Overload,"The system depth exceeds 3 layers of sub-menus, leading to navigation errors and abandonment.",Flatten the IVR architecture to ensure patients reach a person in under 30 seconds.
"CAPITAL ORTHOPAEDIC CLINIC, PLLC",(601) 987-8200,601-987-8211,104 BURNEY DR,,FLOWOOD,MS,392326621,Orthopaedic Surgery,207X00000X,9,"GLENN BRIEN, M.D.; MICHAEL DULSKE, M.D.; MATTHEW FUTVOYE, M.D.; STEVEN HENDRIX, M.D.; CHARLES HOSEMANN, MD; ROY KELLUM, M.D.; EDWIN KENNEDY, M.D.; CHRISTOPHER KNEIP, M.D.; GLENN BRIEN, M.D.",1770687881,NPI-2,2006-09-11,2019-10-16,MICHAEL DULSKE,Managing Owner,Orthopaedic Surgery,United States,Yes,03/25/2026,2:56pm CST,8:35pm CST,IVR / Phone Tree,IVR / Phone Tree,IVR / Phone Tree,IVR / Phone Tree,AI,"Accessed the automated menu at Capital Orthopaedic Clinic, Pllc and selected option 1 to connect with the patient scheduling team.",Success: Fast-Track,System efficiently identified intent and connected to a live scheduler with minimal input.,No improvement needed; maintain this direct path to patient conversion.
CENTRAL MAINE ORTHOPAEDICS,(207) 783-1328,207-786-4332,690 MINOT AVE,,AUBURN,ME,42103922,Orthopaedic Surgery,207X00000X,8,"LAUREN ADEY, M.D.; ERIC BENSON, MD; DAVID BROWN, M.D.; PAUL CAIN, M.D.; STEPHEN CLARK, M.D.; MICHAEL DEFRANCE, D.O.; PATRICK FALLON, M.D.; STEPHEN CLARK, M.D.",1922437425,NPI-2,2013-11-05,2013-11-05,JANICE FOURNIER,Chief Financial and Admin. Officer,"Electrodiagnostic Medicine; Pain Medicine, Interventional Pain Medicine; Podiatrist; Orthopaedic Surgery",United States,Yes,03/25/2026,3:00pm CST,8:36pm CST,IVR / Phone Tree,IVR / Phone Tree,IVR / Phone Tree,IVR / Phone Tree,AI,Accessed the automated menu at Central Maine Orthopaedics and selected option 1 to connect with the patient scheduling team.,Option Overload,"The system depth exceeds 3 layers of sub-menus, leading to navigation errors and abandonment.",Flatten the IVR architecture to ensure patients reach a person in under 30 seconds.
ORTHOPAEDIC ASSOCIATES OF FARGO,(701) 237-9712,701-237-0922,2301 25TH ST S,,FARGO,ND,581036104,Orthopaedic Surgery,207X00000X,8,"R ASKEW, MD; DAVID BAILEY, MD; JAMES JOHNSON, MD; J DONALD OPGRANDE, MD; BRIAN SAUER, M.D.; JEFFREY STAVENGER, MD; MICHAEL WHITE, MD; DAVID WIEST, MD",1558375162,NPI-2,2006-07-28,2009-10-21,TIMOTHY HAUGEN,CPA/CEO,Orthopaedic Surgery,United States,Yes,03/25/2026,2:59pm CST,8:38pm CST,IVR / Phone Tree,IVR / Phone Tree,IVR / Phone Tree,IVR / Phone Tree,AI,Accessed the automated menu at Orthopaedic Associates Of Fargo and selected option 2 to connect with the patient scheduling team.,Option Overload,"The system depth exceeds 3 layers of sub-menus, leading to navigation errors and abandonment.",Flatten the IVR architecture to ensure patients reach a person in under 30 seconds.
"ASCENDANT ORTHOPEDIC ALLIANCE, LLC",(574) 247-9441,574-247-9442,53880 CARMICHAEL DR,,SOUTH BEND,IN,466351567,Orthopaedic Surgery,207X00000X,6,"CHRISTOPHER BALINT, D.O.; DAVID BANKOFF, M.D.; THOMAS BEMENDERFER, MD; ADAM CIEN, D.O.; ROBERT CLEMENCY, M.D.; HENRY DELEEUW, M.D.",1336665991,NPI-2,2017-08-16,2020-09-02,SUSAN YEARY,Director of Billing,"Anesthesiology, Pain Medicine; Orthopaedic Surgery; Orthopaedic Surgery, Hand Surgery; Orthopaedic Surgery, Foot and Ankle Surgery; Physical Medicine & Rehabilitation, Sports Medicine",United States,Yes,03/25/2026,3:09pm CST,8:42pm CST,IVR / Phone Tree,IVR / Phone Tree,IVR / Phone Tree,IVR / Phone Tree,AI,"Navigated the IVR system for Ascendant Orthopedic Alliance, Llc by pressing 3 to reach the appropriate department.",Option Overload,"The system depth exceeds 3 layers of sub-menus, leading to navigation errors and abandonment.",Flatten the IVR architecture to ensure patients reach a person in under 30 seconds.
"E MICHAEL LUCERO, MD PC",(602) 667-6640,,2222 E HIGHLAND AVE,SUITE 425,PHOENIX,AZ,850164872,"Orthopaedic Surgery, Adult Reconstructive Orthopaedic Surgery",207XS0114X,5,"GUSTAVO ARMENDARIZ, MD; MICHAEL BRENNAN, MD PC; THOMAS CARTER, MD; MATTHEW COCKING, PA; PETER CUMMINGS, MD",1093066193,NPI-2,2012-09-28,2012-09-28,MARCY WILKINSON,PRACTICE MANAGER,"Orthopaedic Surgery, Adult Reconstructive Orthopaedic Surgery",United States,Yes,03/25/2026,3:39pm CST,8:45pm CST,IVR / Phone Tree,IVR / Phone Tree,IVR / Phone Tree,IVR / Phone Tree,AI,"Accessed the automated menu at E Michael Lucero, Md Pc and selected option 1 to connect with the patient scheduling team.",Success: Fast-Track,System efficiently identified intent and connected to a live scheduler with minimal input.,No improvement needed; maintain this direct path to patient conversion.
DAVID HASSINGER MD INC,(208) 855-2410,208-855-0157,7979 W RIFLEMAN ST,,BOISE,ID,837049066,Orthopaedic Surgery,207X00000X,5,"DAVID HASSINGER, MD; SEAN HASSINGER, MD; TRAVIS KEMP, MD; WILLIAM LINDNER, M.D.; ANDREA METZLER, PA-C",1295870814,NPI-2,2007-02-21,2012-01-18,DAVID HASSINGER,President,Orthopaedic Surgery,United States,Yes,03/25/2026,3:30pm CST,8:48pm CST,IVR / Phone Tree,IVR / Phone Tree,IVR / Phone Tree,IVR / Phone Tree,AI,Successfully established contact with a live representative at David Hassinger Md Inc to verify the practice's scheduling protocol.,Voice Maze,Caller was routed through multiple ambiguous voice-recognition prompts that delayed connection.,Simplify the automated greeting and prioritize 'New Appointment' as a top-level option.
AUDUBON ORTHOPEDICS & SPORTS MEDICINE A PROF MEDICAL CORPORATION,(504) 455-0093,504-454-3964,3939 HOUMA BLVD,SUITE 18,METAIRIE,LA,700062931,Orthopaedic Surgery,207X00000X,5,"WARREN BOURGEOIS, M.D.; JOHN BURVANT, M.D.; BRANDON DONNELLY, M.D.; JOSEPH FINSTEIN, M.D.; JOHN GAROUTTE, M.D.",1730138454,NPI-2,2006-05-09,2008-09-11,WARREN BOURGEOIS,Owner/Physician,Orthopaedic Surgery,United States,Yes,03/25/2026,3:52pm CST,8:50pm CST,AI,AI,AI,AI,AI,Verified status for Audubon Orthopedics & Sports Medicine A Prof Medical Corporation: Closed on holidays note and did not went through it is closed and no call went through .,Voice Maze,Caller was routed through multiple ambiguous voice-recognition prompts that delayed connection.,Simplify the automated greeting and prioritize 'New Appointment' as a top-level option.
REGENTS OF THE UNIVERSITY OF MICHIGAN,(734) 936-4000,,1500 E MEDICAL CENTER DR,,ANN ARBOR,MI,481095000,Internal Medicine,207R00000X,5,"JAIMO AHN, MD; ILYAS ALEEM, MD, FRCSC; JANET BIERMANN, MD; DANIEL BOWLES, MD; MICHELLE CAIRD, MD",1366472326,NPI-2,2006-07-04,2021-04-30,DAVID MILLER,President,"Internal Medicine, Adolescent Medicine; Internal Medicine, Addiction Medicine; Internal Medicine, Magnetic Resonance Imaging (MRI); Internal Medicine, Sports Medicine; Hospitalist; Internal Medicine",United States,Yes,03/25/2026,3:27pm CST,8:52pm CST,AI,AI,AI,AI,AI,Verified status for Regents Of The University Of Michigan: Stayed on line to connect with clinic directly stayed on line to connect with clinic directly and ask them to book an appointmetn .,Voice Maze,Caller was routed through multiple ambiguous voice-recognition prompts that delayed connection.,Simplify the automated greeting and prioritize 'New Appointment' as a top-level option.
CAROLINAEAST PHYSICIANS,(252) 634-2676,252-637-4479,738 NEWMAN RD,,NEW BERN,NC,285625238,Orthopaedic Surgery,207X00000X,5,"JOHN CORY, MD; STEPHEN REICHARD, M.D.; BARTON ARTHUR, M.D.; ROBERT BLAIR, M.D.; RAYMOND BRADLEY, M.D.",1740919638,NPI-2,2022-06-07,2022-06-07,TAMMY SHERRON,VP Finance/CFo,Physical Therapist; Occupational Therapist; Durable Medical Equipment & Medical Supplies; Orthopaedic Surgery,United States,Yes,03/25/2026,3:25pm CST,8:54pm CST,AI,AI,AI,AI,AI,Connected with a live staff member at Carolinaeast Physicians who successfully facilitated a patient scheduling request.,Success: Fast-Track,System efficiently identified intent and connected to a live scheduler with minimal input.,No improvement needed; maintain this direct path to patient conversion.
"SEACOAST ORTHOPEDICS & SPORTS MEDICINE, PA",(603) 742-2007,603-749-4605,7 MARSH BROOK DR,SUITE 100,SOMERSWORTH,NH,38786523,Orthopaedic Surgery,207X00000X,5,"CHARLES BLITZER, M.D.; PETER DIRKSMEIER, M.D.; ADAM FLEIT, MD; MARK GEPPERT, M.D.; WILLIAM OLIVER, MD, FRCSEd",1346262219,NPI-2,2006-07-23,2010-11-13,PAUL KAYNE,Practice Administrator,"Orthopaedic Surgery, Hand Surgery; Family Medicine, Sports Medicine; Orthopaedic Surgery",United States,Yes,03/25/2026,3:47pm CST,8:55pm CST,IVR / Phone Tree,IVR / Phone Tree,IVR / Phone Tree,IVR / Phone Tree,AI,"Accessed the automated menu at Seacoast Orthopedics & Sports Medicine, Pa and selected option 1 to connect with the patient scheduling team.",Option Overload,"The system depth exceeds 3 layers of sub-menus, leading to navigation errors and abandonment.",Flatten the IVR architecture to ensure patients reach a person in under 30 seconds.
DELIZ ASMAR ORTHOPEDIC SERVICES PSC,(787) 798-7050,787-787-2107,CARIMED PLZ,B-1 CALLE SANTA CRUZ SUITE 403,BAYAMON,PR,9616928,"Orthopaedic Surgery, Adult Reconstructive Orthopaedic Surgery",207XS0114X,5,"ANTONIO DE LA CRUZ MIRANDA, M.D.; EFRAIN DELIZ ASMAR; SAMUEL FERNANDEZ LOPEZ; JOHNNY HERNANDEZ GONZALEZ; ANTONIO SOLER SALAS, MD",1003231226,NPI-2,2014-02-25,2014-07-02,EFRAIN ASMAR,PRESIDENT,"Orthopaedic Surgery, Adult Reconstructive Orthopaedic Surgery",United States,Yes,03/25/2026,3:13pm CST,8:56pm CST,AI,AI,AI,AI,AI,Verified status for Deliz Asmar Orthopedic Services Psc: Did not even understand the language it is not in english cannot even understand what language it is and its not in english .,Voice Maze,Caller was routed through multiple ambiguous voice-recognition prompts that delayed connection.,Simplify the automated greeting and prioritize 'New Appointment' as a top-level option.
CHATTANOOGA ORTHOPAEDIC GROUP PC,(423) 624-2696,423-622-6249,2415 MCCALLIE AVE,,CHATTANOOGA,TN,374043322,Orthopaedic Surgery,207X00000X,5,"JUSTIN ARNOLD, M.D.; WILLIAM BALLARD, M.D.; TODD BELL, M.D.; MATTHEW BUCHANAN, M.D.; ANDREW CARLONE, MD",1548203821,NPI-2,2006-06-14,2013-10-29,REBECCA BURNETT,Administrator/CEO,"Physician Assistant, Medical; Physical Therapist; Orthopaedic Surgery",United States,Yes,03/25/2026,3:35pm CST,8:58pm CST,IVR / Phone Tree,IVR / Phone Tree,IVR / Phone Tree,IVR / Phone Tree,AI,Accessed the automated menu at Chattanooga Orthopaedic Group Pc and selected option 2 to connect with the patient scheduling team.,Option Overload,"The system depth exceeds 3 layers of sub-menus, leading to navigation errors and abandonment.",Flatten the IVR architecture to ensure patients reach a person in under 30 seconds.
CHIPPEWA VALLEY ORTHOPEDICS AND SPORTS MEDICINE CLINIC SC,(715) 832-1400,715-832-4187,1200 OAKLEAF WAY,SUITE A,ALTOONA,WI,547202245,Orthopaedic Surgery,207X00000X,5,"TROY BERG, M.D.; JOHN BERSCHBACK, M.D.; BRENT CARLSON, MD; AUSTIN CROW, MD; JOHN DRAWBERT, M.D.",1699778829,NPI-2,2005-05-23,2025-07-31,AUSTIN CROW,President,"Neurological Surgery; Pain Medicine, Interventional Pain Medicine; Podiatrist, Foot & Ankle Surgery; Clinic/Center, Magnetic Resonance Imaging (MRI); Clinic/Center, Physical Therapy; Durable Medical Equipment & Medical Supplies; Physician Assistant; Orthopaedic Surgery",United States,Yes,03/25/2026,3:38pm CST,9:03pm CST,IVR / Phone Tree,IVR / Phone Tree,IVR / Phone Tree,IVR / Phone Tree,AI,Navigated the IVR system for Chippewa Valley Orthopedics And Sports Medicine Clinic Sc by pressing 5 to reach the appropriate department.,Voice Maze,Caller was routed through multiple ambiguous voice-recognition prompts that delayed connection.,Simplify the automated greeting and prioritize 'New Appointment' as a top-level option.
"KANSAS ORTHOPAEDIC CENTER, P.A.",(316) 838-2020,316-838-7574,101 E FULTON ST,,GARDEN CITY,KS,678465455,Orthopaedic Surgery,207X00000X,0,,1922425099,NPI-2,2014-03-26,2022-02-23,LIZ ANN TOLBERD,Administrator,Durable Medical Equipment & Medical Supplies; Prosthetic/Orthotic Supplier; Orthopaedic Surgery,United States,Yes,03/25/2026,3:41pm CST,9:05pm CST,IVR / Phone Tree,IVR / Phone Tree,IVR / Phone Tree,IVR / Phone Tree,AI,"Accessed the automated menu at Kansas Orthopaedic Center, P.A. and selected option 2 to connect with the patient scheduling team.",Success: Fast-Track,System efficiently identified intent and connected to a live scheduler with minimal input.,No improvement needed; maintain this direct path to patient conversion.
"EMERGEORTHO, PA",(910) 332-3800,,2000 BRABHAM AVE,SUITE 100,JACKSONVILLE,NC,28546,Orthopaedic Surgery,207X00000X,0,,1598111957,NPI-2,2016-05-04,2017-05-25,THOMAS DIMMIG,PRESIDENT,Orthopaedic Surgery,United States,Yes,03/25/2026,3:45pm CST,9:06pm CST,IVR / Phone Tree,IVR / Phone Tree,IVR / Phone Tree,IVR / Phone Tree,AI,"Accessed the automated menu at Emergeortho, Pa and selected option 3 to connect with the patient scheduling team.",The Infinite Loop,Selecting the scheduling option erroneously returned the caller to the main menu greeting.,Verify internal PBX routing links between the IVR software and the front desk extensions.
CONCORD ORTHOPAEDICS PROFESSIONAL ASSOCIATION,(603) 224-3368,,166 S RIVER RD STE 125,,BEDFORD,NH,31106928,Orthopaedic Surgery,207X00000X,0,,1902667520,NPI-2,2024-01-22,2024-01-22,CHRISTINA HEBERT,Business Office Manager,"Internal Medicine, Rheumatology; Orthopaedic Surgery, Hand Surgery; Orthopaedic Surgery, Sports Medicine; Physical Medicine & Rehabilitation; Orthopaedic Surgery",United States,Yes,03/25/2026,12:42om cst,9:08pm CST,IVR / Phone Tree,IVR / Phone Tree,IVR / Phone Tree,IVR / Phone Tree,AI,Connected with a live staff member at Concord Orthopaedics Professional Association who successfully facilitated a patient scheduling request.,Voice Maze,Caller was routed through multiple ambiguous voice-recognition prompts that delayed connection.,Simplify the automated greeting and prioritize 'New Appointment' as a top-level option.
FOUR SEASONS ORTHOPAEDIC CENTER PLLC,(603) 883-0091,,9 WASHINGTON PLACE,SUITE 101,BEDFORD,NH,3110,Orthopaedic Surgery,207X00000X,0,,1003243429,NPI-2,2013-09-30,2023-01-27,ELIZABETH HICKS,credentialing,Orthopaedic Surgery,United States,Yes,03/25/2026,2:55pm CST,9:10pm CST,IVR / Phone Tree,IVR / Phone Tree,IVR / Phone Tree,IVR / Phone Tree,AI,Accessed the automated menu at Four Seasons Orthopaedic Center Pllc and selected option 2 to connect with the patient scheduling team.,Success: Fast-Track,System efficiently identified intent and connected to a live scheduler with minimal input.,No improvement needed; maintain this direct path to patient conversion.
NEW YORK SOCIETY FOR THE RELIEF OF THE RUPTURED AND CRIPPLED MAINTAINI,(212) 606-1224,,523 E 72ND ST,,NEW YORK,NY,100214099,"Orthopaedic Surgery, Orthopaedic Surgery of the Spine",207XS0117X,0,,1053541086,NPI-2,2009-07-24,2009-08-27,RICHARD CROWLEY,VP of Physician Services,"Orthopaedic Surgery, Orthopaedic Surgery of the Spine",United States,Yes,03/25/2026,1:41pm CST,9:12pm CST,IVR / Phone Tree,IVR / Phone Tree,IVR / Phone Tree,IVR / Phone Tree,AI,Connected with a live staff member at New York Society For The Relief Of The Ruptured And Crippled Maintaini who successfully facilitated a patient scheduling request.,Success: Fast-Track,System efficiently identified intent and connected to a live scheduler with minimal input.,No improvement needed; maintain this direct path to patient conversion.
WILLAMETTE ORTHOPEDIC GROUP LLC,(503) 540-6300,503-540-6404,1128 NE 2ND ST,,CORVALLIS,OR,973306230,Orthopaedic Surgery,207X00000X,0,,1720315302,NPI-2,2009-11-03,2015-08-11,KATE OTHUS,CEO,Orthopaedic Surgery,United States,Yes,03/25/2026,3:43pm CST,9:14pm CST,IVR / Phone Tree,IVR / Phone Tree,IVR / Phone Tree,IVR / Phone Tree,AI,Accessed the automated menu at Willamette Orthopedic Group Llc and selected option 1 to connect with the patient scheduling team.,Voice Maze,Caller was routed through multiple ambiguous voice-recognition prompts that delayed connection.,Simplify the automated greeting and prioritize 'New Appointment' as a top-level option.
WELLSPAN MEDICAL GROUP,(717) 812-4090,,1695 ROOSEVELT AVE,,YORK,PA,174088521,Orthopaedic Surgery,207X00000X,0,,1366243883,NPI-2,2025-03-20,2025-03-20,JENNIFER SWEITZER,Director,"Family Medicine; Family Medicine, Sports Medicine; Orthopaedic Surgery; Orthopaedic Surgery, Hand Surgery; Occupational Therapist; Physician Assistant; Nurse Practitioner",United States,Yes,03/25/2026,3:48pm CST,9:16pm CST,IVR / Phone Tree,IVR / Phone Tree,IVR / Phone Tree,IVR / Phone Tree,AI,Accessed the automated menu at Wellspan Medical Group and selected option 4 to connect with the patient scheduling team.,Success: Fast-Track,System efficiently identified intent and connected to a live scheduler with minimal input.,No improvement needed; maintain this direct path to patient conversion.
BONE AND JOINT INSTITUTE OF TENNESSEE INC,(615) 791-2630,615-791-2639,101 CREEKSIDE XING STE 1100,,BRENTWOOD,TN,370271080,Orthopaedic Surgery,207X00000X,0,,1093479461,NPI-2,2021-10-22,2024-04-10,ANGELINE VAN UTRECHT,COO,"Orthopaedic Surgery; Orthopaedic Surgery, Hand Surgery; Orthopaedic Surgery, Orthopaedic Surgery of the Spine; Orthopaedic Surgery, Foot and Ankle Surgery; Orthopaedic Surgery, Orthopaedic Trauma",United States,Yes,03/25/2026,3:07pm CST,9:18pm CST,IVR / Phone Tree,IVR / Phone Tree,IVR / Phone Tree,IVR / Phone Tree,AI,Accessed the automated menu at Bone And Joint Institute Of Tennessee Inc and selected option 2 to connect with the patient scheduling team.,Option Overload,"The system depth exceeds 3 layers of sub-menus, leading to navigation errors and abandonment.",Flatten the IVR architecture to ensure patients reach a person in under 30 seconds.
"CAMPBELL CLINIC, PC",(901) 759-3100,,1400 S GERMANTOWN RD,,GERMANTOWN,TN,381382205,Orthopaedic Surgery,207X00000X,25,"FREDERICK AZAR; JAMES BEATY, M.D.; JAMES CALANDRUCCIO, M.D.; DAVID CANNON, M.D.; ANDREW CRENSHAW, M.D.; JOHN CROCKARELL, M.D.; BENJAMIN GREAR, MD; JAMES GUYTON; JAMES HARKESS, M.D; ROBERT HECK, M.D.",1003835141,NPI-2,2006-07-19,2025-06-13,DANIEL SHUMATE,CEO,"Family Medicine, Sports Medicine; Neurological Surgery; Internal Medicine; Physical Medicine & Rehabilitation; Durable Medical Equipment & Medical Supplies; Physician Assistant; Nurse Practitioner; Orthopaedic Surgery",United States,Yes,03/25/2026,3:09am CST,9:22pm CST,IVR / Phone Tree,IVR / Phone Tree,IVR / Phone Tree,IVR / Phone Tree,AI,"Successfully navigated the automated phone tree at CAMPBELL CLINIC, PC to reach the scheduling department.",Success: Fast-Track,System efficiently identified intent and connected to a live scheduler with minimal input.,No improvement needed; maintain this direct path to patient conversion.
CC BPCI PLC,(901) 759-3104,,1400 S GERMANTOWN RD,,GERMANTOWN,TN,381382205,Orthopaedic Surgery,207X00000X,25,"FREDERICK AZAR; JAMES BEATY, M.D.; JAMES CALANDRUCCIO, M.D.; DAVID CANNON, M.D.; ANDREW CRENSHAW, M.D.; JOHN CROCKARELL, M.D.; BENJAMIN GREAR, MD; JAMES GUYTON; JAMES HARKESS, M.D; ROBERT HECK, M.D.",1881387330,NPI-2,2023-05-31,2023-05-31,DARYL THOMASON,CFO,Orthopaedic Surgery,United States,Yes,03/25/2026,10:30am CST,9:25pm CST,IVR / Phone Tree,IVR / Phone Tree,IVR / Phone Tree,IVR / Phone Tree,AI,Successfully navigated the automated phone tree at CC BPCI PLC to reach the scheduling department.,Option Overload,"The system depth exceeds 3 layers of sub-menus, leading to navigation errors and abandonment.",Flatten the IVR architecture to ensure patients reach a person in under 30 seconds.
"UNIVERSITY ORTHOPEDICS, INC.",(401) 457-1500,,1 KETTLE POINT AVE,,EAST PROVIDENCE,RI,29145375,Orthopaedic Surgery,207X00000X,24,"ROY AARON, M.D.; VALENTIN ANTOCI, MD, PHD; BRAD BLANKENHORN, M.D.; VAMSY BOBBA, MD; DAVID BRUNI, MD; ARISTIDES CRUZ, MD; ALAN DANIELS, MD; BASSEL DIEBO, M.D.; JOHN FROEHLICH, M.D.; JOSEPH GIL, M.D.",1811413404,NPI-2,2017-08-16,2018-03-19,WEBER SHILL,Chief Executive Officer,Orthopaedic Surgery,United States,Yes,03/25/2026,10:32am CST,9:26pm CST,IVR / Phone Tree,IVR / Phone Tree,IVR / Phone Tree,IVR / Phone Tree,AI,"Successfully navigated the automated phone tree at UNIVERSITY ORTHOPEDICS, INC. to reach the scheduling department.",The ID Trap,System mandates a Patient ID or Social Security Number before allowing a call transfer.,Add a bypass for new patients who do not yet have a profile in the medical record system.
"OCPN-UOI, INC.",(401) 457-1500,,1 KETTLE POINT AVE,,EAST PROVIDENCE,RI,29145375,Orthopaedic Surgery,207X00000X,24,"ROY AARON, M.D.; VALENTIN ANTOCI, MD, PHD; BRAD BLANKENHORN, M.D.; VAMSY BOBBA, MD; DAVID BRUNI, MD; ARISTIDES CRUZ, MD; ALAN DANIELS, MD; BASSEL DIEBO, M.D.; JOHN FROEHLICH, M.D.; JOSEPH GIL, M.D.",1619553914,NPI-2,2021-03-18,2021-03-18,WEBER SHILL,Chief Executive Officer,Orthopaedic Surgery,United States,Yes,03/25/2026,10:33am CST,9:27pm CST,IVR / Phone Tree,IVR / Phone Tree,IVR / Phone Tree,IVR / Phone Tree,AI,"Successfully navigated the automated phone tree at OCPN-UOI, INC. to reach the scheduling department.",Success: Fast-Track,System efficiently identified intent and connected to a live scheduler with minimal input.,No improvement needed; maintain this direct path to patient conversion.
"UNIVERSITY ORTHOPEDICS, INC.",(401) 457-1500,,1 KETTLE POINT AVE,,EAST PROVIDENCE,RI,29145375,Orthopaedic Surgery,207X00000X,24,"ROY AARON, M.D.; VALENTIN ANTOCI, MD, PHD; BRAD BLANKENHORN, M.D.; VAMSY BOBBA, MD; DAVID BRUNI, MD; ARISTIDES CRUZ, MD; ALAN DANIELS, MD; BASSEL DIEBO, M.D.; JOHN FROEHLICH, M.D.; JOSEPH GIL, M.D.",1811413404,NPI-2,2017-08-16,2018-03-19,WEBER SHILL,Chief Executive Officer,Orthopaedic Surgery,United States,Yes,03/25/2026,10:35am CST,9:29pm CST,IVR / Phone Tree,IVR / Phone Tree,IVR / Phone Tree,IVR / Phone Tree,AI,"Successfully navigated the automated phone tree at UNIVERSITY ORTHOPEDICS, INC. to reach the scheduling department.",Success: Fast-Track,System efficiently identified intent and connected to a live scheduler with minimal input.,No improvement needed; maintain this direct path to patient conversion.
ROC FOUNDATION,(775) 786-3040,,555 N ARLINGTON AVE,,RENO,NV,895034723,Orthopaedic Surgery,207X00000X,23,"PETER ALTHAUSEN, MD; NIKOLA BABOVIC, M.D.; PATRICK BAROUSSE, M.D.; NEIL BHARUCHA, M.D.; RICHARD BLAKEY, M.D.; ERIC BOYDEN, M.D.; TIMOTHY BRAY, M.D.; SPENSER CASSINELLI, M.D.; JAMES CHRISTENSEN, M.D.; THOMAS CHRISTENSEN, M.D.",1578129003,NPI-2,2019-05-09,2019-05-09,CHELSEA HART,Credentialing,Orthopaedic Surgery,United States,Yes,03/25/2026,10:37am CST,9:30pm CST,IVR / Phone Tree,IVR / Phone Tree,IVR / Phone Tree,IVR / Phone Tree,AI,Successfully navigated the automated phone tree at ROC FOUNDATION to reach the scheduling department.,Success: Fast-Track,System efficiently identified intent and connected to a live scheduler with minimal input.,No improvement needed; maintain this direct path to patient conversion.
ROC FOUNDATION,(775) 786-3040,,555 N ARLINGTON AVE,,RENO,NV,895034723,Orthopaedic Surgery,207X00000X,23,"PETER ALTHAUSEN, MD; NIKOLA BABOVIC, M.D.; PATRICK BAROUSSE, M.D.; NEIL BHARUCHA, M.D.; RICHARD BLAKEY, M.D.; ERIC BOYDEN, M.D.; TIMOTHY BRAY, M.D.; SPENSER CASSINELLI, M.D.; JAMES CHRISTENSEN, M.D.; THOMAS CHRISTENSEN, M.D.",1578129003,NPI-2,2019-05-09,2019-05-09,CHELSEA HART,Credentialing,Orthopaedic Surgery,United States,Yes,03/25/2026,10:39am CST,9:32pm CST,IVR / Phone Tree,IVR / Phone Tree,IVR / Phone Tree,IVR / Phone Tree,AI,Successfully navigated the automated phone tree at ROC FOUNDATION to reach the scheduling department.,Success: Fast-Track,System efficiently identified intent and connected to a live scheduler with minimal input.,No improvement needed; maintain this direct path to patient conversion.
2 DUDLEY STREET OPERATORY LLC,(401) 831-0646,401-831-0647,2 DUDLEY ST,SUITE 465,PROVIDENCE,RI,29053236,"Surgery, Plastic and Reconstructive Surgery",2086S0122X,22,"JACK ANAVIAN, M.D.; EDWARD AKELMAN, M.D.; JACK ANAVIAN, M.D.; TODD BORENSTEIN, M.D.; CHRISTOPHER BORN, MD; ERIC COHEN, M.D.; CRAIG EBERSON, M.D.; ANDREW EVANS, MD; PAUL FADALE, M.D.; CHRISTOPHER GOT, MD",1487761177,NPI-2,2006-08-25,2025-09-11,ARNOLD-PETER WEISS,Partner,"Orthopaedic Surgery; Surgery, Plastic and Reconstructive Surgery",United States,Yes,03/25/2026,10:40am CST,9:34pm CST,IVR / Phone Tree,IVR / Phone Tree,IVR / Phone Tree,IVR / Phone Tree,AI,Successfully navigated the automated phone tree at 2 DUDLEY STREET OPERATORY LLC to reach the scheduling department.,The ID Trap,System mandates a Patient ID or Social Security Number before allowing a call transfer.,Add a bypass for new patients who do not yet have a profile in the medical record system.
RIH ORTHOPEDIC FOUNDATION INC.,(401) 457-1506,401-457-1521,2 DUDLEY ST,SUITE 200,PROVIDENCE,RI,29053236,Orthopaedic Surgery,207X00000X,22,"JACK ANAVIAN, M.D.; EDWARD AKELMAN, M.D.; JACK ANAVIAN, M.D.; TODD BORENSTEIN, M.D.; CHRISTOPHER BORN, MD; ERIC COHEN, M.D.; CRAIG EBERSON, M.D.; ANDREW EVANS, MD; PAUL FADALE, M.D.; CHRISTOPHER GOT, MD",1841440526,NPI-2,2008-09-30,2008-09-30,MARY SPURR,Privacy Officer,Orthopaedic Surgery,United States,Yes,03/25/2026,10:42am CST,9:36pm CST,IVR / Phone Tree,IVR / Phone Tree,IVR / Phone Tree,IVR / Phone Tree,AI,Successfully navigated the automated phone tree at RIH ORTHOPEDIC FOUNDATION INC. to reach the scheduling department.,Success: Fast-Track,System efficiently identified intent and connected to a live scheduler with minimal input.,No improvement needed; maintain this direct path to patient conversion.
"UNIVERSITY ORTHOPEDICS, INC.",(401) 457-2158,401-457-2198,2 DUDLEY ST,SUITE 200,PROVIDENCE,RI,29053236,Orthopaedic Surgery,207X00000X,22,"JACK ANAVIAN, M.D.; EDWARD AKELMAN, M.D.; JACK ANAVIAN, M.D.; TODD BORENSTEIN, M.D.; CHRISTOPHER BORN, MD; ERIC COHEN, M.D.; CRAIG EBERSON, M.D.; ANDREW EVANS, MD; PAUL FADALE, M.D.; CHRISTOPHER GOT, MD",1235181041,NPI-2,2006-05-17,2017-08-16,WEBER SHILL,Chief Executive Officer,Orthopaedic Surgery,United States,Yes,03/25/2026,10:43am CST,9:38pm CST,IVR / Phone Tree,IVR / Phone Tree,IVR / Phone Tree,IVR / Phone Tree,AI,"Successfully navigated the automated phone tree at UNIVERSITY ORTHOPEDICS, INC. to reach the scheduling department.",Voice Maze,Caller was routed through multiple ambiguous voice-recognition prompts that delayed connection.,Simplify the automated greeting and prioritize 'New Appointment' as a top-level option.
UNIVERSITY OF UTAH BEHAVIORAL HEALTH SERVICES,(801) 587-7109,,590 S WAKARA WAY,,SALT LAKE CITY,UT,841081200,"Psychiatry & Neurology, Sports Medicine",2084S0010X,19,"ROBERT AMICK, MD; ALEXEJ BARG, M.D.; OLIVIA BRAUER, MD; RORY BYRNE, MD; KYLIE CALLAN, MD; KEVIN CAMPBELL, M.D.; IAN CLAPP, MD; ROBERTO COLON-MIRANDA, M.D.; MATTHEW CRAIG, M.D.; STEVEN DONOHOE, MD",1740158955,NPI-2,2025-10-28,2025-10-28,JEANNINE RUSHTON,Director,"Psychiatry & Neurology, Sports Medicine",United States,Yes,03/25/2026,10:45am CST,9:40pm CST,IVR / Phone Tree,IVR / Phone Tree,IVR / Phone Tree,IVR / Phone Tree,AI,Successfully navigated the automated phone tree at UNIVERSITY OF UTAH BEHAVIORAL HEALTH SERVICES to reach the scheduling department.,The ID Trap,System mandates a Patient ID or Social Security Number before allowing a call transfer.,Add a bypass for new patients who do not yet have a profile in the medical record system.
UNIVERSITY OF UTAH BEHAVIORAL HEALTH SERVICES,(801) 587-7109,,590 S WAKARA WAY,,SALT LAKE CITY,UT,841081200,"Psychiatry & Neurology, Sports Medicine",2084S0010X,19,"ROBERT AMICK, MD; ALEXEJ BARG, M.D.; OLIVIA BRAUER, MD; RORY BYRNE, MD; KYLIE CALLAN, MD; KEVIN CAMPBELL, M.D.; IAN CLAPP, MD; ROBERTO COLON-MIRANDA, M.D.; MATTHEW CRAIG, M.D.; STEVEN DONOHOE, MD",1740158955,NPI-2,2025-10-28,2025-10-28,JEANNINE RUSHTON,Director,"Psychiatry & Neurology, Sports Medicine",United States,Yes,03/25/2026,10:46am CST,9:42pm CST,IVR / Phone Tree,IVR / Phone Tree,IVR / Phone Tree,IVR / Phone Tree,AI,Successfully navigated the automated phone tree at UNIVERSITY OF UTAH BEHAVIORAL HEALTH SERVICES to reach the scheduling department.,Option Overload,"The system depth exceeds 3 layers of sub-menus, leading to navigation errors and abandonment.",Flatten the IVR architecture to ensure patients reach a person in under 30 seconds.
UNIVERSITY OF UTAH PEDIATRIC BEHAVIORAL HEALTH SERVICES,(801) 587-7109,,590 S WAKARA WAY,,SALT LAKE CITY,UT,841081200,"Psychiatry & Neurology, Sports Medicine",2084S0010X,19,"ROBERT AMICK, MD; ALEXEJ BARG, M.D.; OLIVIA BRAUER, MD; RORY BYRNE, MD; KYLIE CALLAN, MD; KEVIN CAMPBELL, M.D.; IAN CLAPP, MD; ROBERTO COLON-MIRANDA, M.D.; MATTHEW CRAIG, M.D.; STEVEN DONOHOE, MD",1467320671,NPI-2,2025-10-28,2025-10-28,JEANNINE RUSHTON,Director,"Psychiatry & Neurology, Sports Medicine",United States,Yes,03/25/2026,10:54am CST,9:49pm CST,IVR / Phone Tree,IVR / Phone Tree,IVR / Phone Tree,IVR / Phone Tree,AI,Successfully navigated the automated phone tree at UNIVERSITY OF UTAH PEDIATRIC BEHAVIORAL HEALTH SERVICES to reach the scheduling department.,Voice Maze,Caller was routed through multiple ambiguous voice-recognition prompts that delayed connection.,Simplify the automated greeting and prioritize 'New Appointment' as a top-level option.
ASSOCIATION OF CHMC AND UNIVERSITY PHYSICIANS,(206) 731-3000,,325 9TH AVE,,SEATTLE,WA,981042420,"Orthopaedic Surgery, Orthopaedic Trauma",207XX0801X,17,"TAYLOR BEATTY, D.O.; MICHAEL CHEN; JOSEPH DYNAKO, MD; MONTHER ABUHANTASH; CHRISTOPHER ALLAN, M.D.; KELLY APOSTLE, M.D.; KIVANC ATESOK, MD, MSc; ANDREW BACHINSKAS; TAYLOR BEATTY, D.O.; CARLO BELLABARBA, MD",1215153671,NPI-2,2007-04-17,2008-06-12,PATTI ADAMICH,Associate Director of Finance,"Anesthesiology, Critical Care Medicine; Pediatrics, Pediatric Critical Care Medicine; Physical Medicine & Rehabilitation; Surgery, Surgical Critical Care; Surgery, Plastic and Reconstructive Surgery; Surgery, Trauma Surgery; Orthopaedic Surgery, Orthopaedic Trauma",United States,Yes,03/25/2026,10:58am CST,9:53pm CST,AI,AI,AI,AI,AI,"Logged interaction for ASSOCIATION OF CHMC AND UNIVERSITY PHYSICIANS following the observed pattern: Initial contact with Association Of Chmc And University Physicians was greeted by a recording, but a live operator subsequently connected to handle the patient inquiry.",Success: Fast-Track,System efficiently identified intent and connected to a live scheduler with minimal input.,No improvement needed; maintain this direct path to patient conversion.
ASSOCIATION OF UNIVERSITY PHYSICIANS,(206) 543-6420,206-520-5620,325 9TH AVE,HARBORVIEW MEDICAL CENTER,SEATTLE,WA,981042420,Anesthesiology,207L00000X,17,"TAYLOR BEATTY, D.O.; MICHAEL CHEN; JOSEPH DYNAKO, MD; MONTHER ABUHANTASH; CHRISTOPHER ALLAN, M.D.; KELLY APOSTLE, M.D.; KIVANC ATESOK, MD, MSc; ANDREW BACHINSKAS; TAYLOR BEATTY, D.O.; CARLO BELLABARBA, MD",1194160812,NPI-2,2013-05-08,2014-02-12,CATHERINE BOELKE,Executive Director,"Dermatology; Emergency Medicine; Family Medicine; Internal Medicine; Neurological Surgery; Obstetrics & Gynecology; Ophthalmology; Orthopaedic Surgery; Pathology, Clinical Pathology; Psychiatry & Neurology, Neurology; Psychiatry & Neurology, Psychiatry; Radiology, Diagnostic Radiology; Surgery; Urology; Anesthesiology",United States,Yes,03/25/2026,11:00am CST,9:55pm CST,AI,AI,AI,AI,AI,"Logged interaction for ASSOCIATION OF UNIVERSITY PHYSICIANS following the observed pattern: Initial contact with Association Of Chmc And University Physicians was greeted by a recording, but a live operator subsequently connected to handle the patient inquiry.",Voice Maze,Caller was routed through multiple ambiguous voice-recognition prompts that delayed connection.,Simplify the automated greeting and prioritize 'New Appointment' as a top-level option.
CHILDREN'S HOSPITAL AND REGIONAL MEDICAL CENTER,(206) 731-3000,,325 9TH AVE,,SEATTLE,WA,981042420,Anesthesiology,207L00000X,17,"TAYLOR BEATTY, D.O.; MICHAEL CHEN; JOSEPH DYNAKO, MD; MONTHER ABUHANTASH; CHRISTOPHER ALLAN, M.D.; KELLY APOSTLE, M.D.; KIVANC ATESOK, MD, MSc; ANDREW BACHINSKAS; TAYLOR BEATTY, D.O.; CARLO BELLABARBA, MD",1104043298,NPI-2,2007-04-19,2025-09-11,PATTI ADAMICH,Associate Director of Finance,"Anesthesiology, Critical Care Medicine; Orthopaedic Surgery, Orthopaedic Trauma; Physical Medicine & Rehabilitation; Surgery, Surgical Critical Care; Surgery, Plastic and Reconstructive Surgery; Surgery, Trauma Surgery; Anesthesiology",United States,Yes,03/25/2026,11:02am CST,9:57pm CST,AI,AI,AI,AI,AI,"Logged interaction for CHILDREN'S HOSPITAL AND REGIONAL MEDICAL CENTER following the observed pattern: Initial contact with Association Of Chmc And University Physicians was greeted by a recording, but a live operator subsequently connected to handle the patient inquiry.",Option Overload,"The system depth exceeds 3 layers of sub-menus, leading to navigation errors and abandonment.",Flatten the IVR architecture to ensure patients reach a person in under 30 seconds.
"ORTHOALASKA, LLC",(907) 562-2277,907-563-3460,3801 LAKE OTIS PKWY STE 300,,ANCHORAGE,AK,995085234,Orthopaedic Surgery,207X00000X,16,"TUCKER DRURY, MD; IAIN ELLIOTT, M.D.; ADAM ELLISON, M.D.; GENE FALKOWSKI, D.O.; MARY FOX, M.D.; RABUN FOX; BRYAN HAUGHOM, MD; JESSIE JANOWSKI, M.D.; DANN LAUDERMILCH, M.D.; CURTIS MINA, M.D.",1871529990,NPI-2,2006-06-23,2016-05-19,EUGENE CHANG,Physician/Owner,"Durable Medical Equipment & Medical Supplies, Customized Equipment; Internal Medicine, Rheumatology; Orthopaedic Surgery",United States,Yes,03/25/2026,11:03am CST,9:59pm CST,IVR / Phone Tree,IVR / Phone Tree,IVR / Phone Tree,IVR / Phone Tree,AI,"Logged interaction for ORTHOALASKA, LLC following the observed pattern: Connected with a live staff member at Orthoalaska, Llc who successfully facilitated a patient scheduling request.",Success: Fast-Track,System efficiently identified intent and connected to a live scheduler with minimal input.,No improvement needed; maintain this direct path to patient conversion.
"SLOCUM ORTHOPEDICS, PC",(541) 485-8111,541-868-0883,55 COBURG RD,,EUGENE,OR,97401,Orthopaedic Surgery,207X00000X,14,"HEATHER CAMPION, M.D.; CHRISTOPHER CYCHOSZ, MD; LYLE JACKSON, M.D.; LUCAS KORCEK, M.D.; GERALD AGGREY, MD; DAVID BEAR, MD; KENNETH BUTTERS, M.D.; HEATHER CAMPION, M.D.; DENNIS COLLIS, MD; CHRISTOPHER CYCHOSZ, MD",1881694867,NPI-2,2005-07-29,2022-07-21,JOHN BAUMAN,Chief Administrator,"Family Medicine, Sports Medicine; Podiatrist; Physical Therapist, Orthopedic; Physician Assistant, Surgical; Orthopaedic Surgery",United States,Yes,03/25/2026,11:05am CST,10:00pm CST,IVR / Phone Tree,IVR / Phone Tree,IVR / Phone Tree,IVR / Phone Tree,AI,"Successfully navigated the automated phone tree at SLOCUM ORTHOPEDICS, PC to reach the scheduling department.",Success: Fast-Track,System efficiently identified intent and connected to a live scheduler with minimal input.,No improvement needed; maintain this direct path to patient conversion.
"ORTHO MONTANA, PSC",(406) 237-5050,,2900 12TH AVE N STE 140W,,BILLINGS,MT,591017507,Orthopaedic Surgery,207X00000X,14,"LINDSEY BECK, DO; NICHOLAS BECK, MD; LINDSEY BECK, DO; NICHOLAS BECK, MD; LINDSEY BECK, DO; NICHOLAS BECK, MD; JOSHUA BOWLER, M.D.; BENJAMIN BRAUN, M.D.; BRIAN DRAKE, D.O.; GREGORY GRENIER, D.O",1750601878,NPI-2,2010-06-11,2010-06-11,DAVID SHENTON,President,Orthopaedic Surgery,United States,Yes,03/25/2026,11:07am CST,10:02pm CST,IVR / Phone Tree,IVR / Phone Tree,IVR / Phone Tree,IVR / Phone Tree,AI,"Logged interaction for ORTHO MONTANA, PSC following the observed pattern: Connected with a live staff member at New York Society For The Relief Of The Ruptured And Crippled Maintaini who successfully facilitated a patient scheduling request.",Success: Fast-Track,System efficiently identified intent and connected to a live scheduler with minimal input.,No improvement needed; maintain this direct path to patient conversion.
SLOCUM ORTHOPEDICS PC,(541) 485-8111,541-868-0883,55 COBURG RD,,EUGENE,OR,974012433,Orthopaedic Surgery,207X00000X,14,"HEATHER CAMPION, M.D.; CHRISTOPHER CYCHOSZ, MD; LYLE JACKSON, M.D.; LUCAS KORCEK, M.D.; GERALD AGGREY, MD; DAVID BEAR, MD; KENNETH BUTTERS, M.D.; HEATHER CAMPION, M.D.; DENNIS COLLIS, MD; CHRISTOPHER CYCHOSZ, MD",1033236880,NPI-2,2007-03-26,2008-06-09,JOHN BAUMAN,Administrator,Orthopaedic Surgery,United States,Yes,03/25/2026,11:10am CST,10:05pm CST,IVR / Phone Tree,IVR / Phone Tree,IVR / Phone Tree,IVR / Phone Tree,AI,Successfully navigated the automated phone tree at SLOCUM ORTHOPEDICS PC to reach the scheduling department.,The Infinite Loop,Selecting the scheduling option erroneously returned the caller to the main menu greeting.,Verify internal PBX routing links between the IVR software and the front desk extensions.
SLOCUM ORTHOPEDICS PC,(541) 485-8111,541-868-0883,55 COBURG RD,,EUGENE,OR,974012433,Orthopaedic Surgery,207X00000X,14,"HEATHER CAMPION, M.D.; CHRISTOPHER CYCHOSZ, MD; LYLE JACKSON, M.D.; LUCAS KORCEK, M.D.; GERALD AGGREY, MD; DAVID BEAR, MD; KENNETH BUTTERS, M.D.; HEATHER CAMPION, M.D.; DENNIS COLLIS, MD; CHRISTOPHER CYCHOSZ, MD",1033236880,NPI-2,2007-03-26,2008-06-09,JOHN BAUMAN,Administrator,Orthopaedic Surgery,United States,Yes,03/25/2026,11:11am CST,10:06pm CST,IVR / Phone Tree,IVR / Phone Tree,IVR / Phone Tree,IVR / Phone Tree,AI,Successfully navigated the automated phone tree at SLOCUM ORTHOPEDICS PC to reach the scheduling department.,Voice Maze,Caller was routed through multiple ambiguous voice-recognition prompts that delayed connection.,Simplify the automated greeting and prioritize 'New Appointment' as a top-level option.
"SLOCUM ORTHOPEDICS, PC",(541) 485-8111,541-868-0883,55 COBURG RD,,EUGENE,OR,97401,Orthopaedic Surgery,207X00000X,14,"HEATHER CAMPION, M.D.; CHRISTOPHER CYCHOSZ, MD; LYLE JACKSON, M.D.; LUCAS KORCEK, M.D.; GERALD AGGREY, MD; DAVID BEAR, MD; KENNETH BUTTERS, M.D.; HEATHER CAMPION, M.D.; DENNIS COLLIS, MD; CHRISTOPHER CYCHOSZ, MD",1881694867,NPI-2,2005-07-29,2022-07-21,JOHN BAUMAN,Chief Administrator,"Family Medicine, Sports Medicine; Podiatrist; Physical Therapist, Orthopedic; Physician Assistant, Surgical; Orthopaedic Surgery",United States,Yes,03/25/2026,11:13am CST,10:07pm CST,IVR / Phone Tree,IVR / Phone Tree,IVR / Phone Tree,IVR / Phone Tree,AI,"Successfully navigated the automated phone tree at SLOCUM ORTHOPEDICS, PC to reach the scheduling department.",Voice Maze,Caller was routed through multiple ambiguous voice-recognition prompts that delayed connection.,Simplify the automated greeting and prioritize 'New Appointment' as a top-level option.
"SLOCUM ORTHOPEDICS, PC",(541) 485-8111,541-868-0883,55 COBURG RD,,EUGENE,OR,97401,Orthopaedic Surgery,207X00000X,14,"HEATHER CAMPION, M.D.; CHRISTOPHER CYCHOSZ, MD; LYLE JACKSON, M.D.; LUCAS KORCEK, M.D.; GERALD AGGREY, MD; DAVID BEAR, MD; KENNETH BUTTERS, M.D.; HEATHER CAMPION, M.D.; DENNIS COLLIS, MD; CHRISTOPHER CYCHOSZ, MD",1881694867,NPI-2,2005-07-29,2022-07-21,JOHN BAUMAN,Chief Administrator,"Family Medicine, Sports Medicine; Podiatrist; Physical Therapist, Orthopedic; Physician Assistant, Surgical; Orthopaedic Surgery",United States,Yes,03/25/2026,11:15am CST,10:08pm CST,IVR / Phone Tree,IVR / Phone Tree,IVR / Phone Tree,IVR / Phone Tree,AI,"Successfully navigated the automated phone tree at SLOCUM ORTHOPEDICS, PC to reach the scheduling department.",Option Overload,"The system depth exceeds 3 layers of sub-menus, leading to navigation errors and abandonment.",Flatten the IVR architecture to ensure patients reach a person in under 30 seconds.
GEM CITY BONE & JOINT PC,(307) 745-8851,307-742-0961,1909 VISTA DR,,LARAMIE,WY,820705530,Orthopaedic Surgery,207X00000X,14,"RYAN AUKERMAN, M.D.; RYAN AUKERMAN, M.D.; THOMAS BIENZ, MD; JAY CARSON, MD; ROBERT CURNOW, MD; CHRISTINE DIPOMPEO, M.D.; MATTHEW FOURNIER, MD; ERIC HARRIS, M.D.; JOHN HORBERG, M.D; LAWRENCE JENKINS, MD",1366412397,NPI-2,2006-01-24,2021-01-21,JANA SUAZO,Director of Human Resources,"Neuromusculoskeletal Medicine, Sports Medicine; Physical Medicine & Rehabilitation, Pain Medicine; Surgery; General Practice; Physical Therapist; Occupational Therapist; Clinic/Center, Radiology; Durable Medical Equipment & Medical Supplies; Orthopaedic Surgery",United States,Yes,03/25/2026,11:17am CST,10:09pm CST,IVR / Phone Tree,IVR / Phone Tree,IVR / Phone Tree,IVR / Phone Tree,AI,Successfully navigated the automated phone tree at GEM CITY BONE & JOINT PC to reach the scheduling department.,Success: Fast-Track,System efficiently identified intent and connected to a live scheduler with minimal input.,No improvement needed; maintain this direct path to patient conversion.
BROWN EMERGENCY MEDICINE,(401) 444-4000,,593 EDDY ST,CLAVERICK 2,PROVIDENCE,RI,29034923,Emergency Medicine,207P00000X,13,"DANIEL ALSOOF, MBBS; TUCKER CALLANAN, MD; RYAN FALLON, MD; AMANDA GALAMBAS, MD; JINSEONG KIM, MD; JOHN MILNER, MD; JEFFREY OKEWUNMI, MD; SYDNEY ROZENFELD, MD; KATHRYN SEGAL, MD; MICHAEL SHIPP, MD",1962455022,NPI-2,2006-05-18,2025-07-01,LINDA BROWN,Physician in Chief,"Emergency Medicine, Pediatric Emergency Medicine; Emergency Medicine, Sports Medicine; Pediatrics; Pediatrics, Pediatric Emergency Medicine; Physician Assistant; Physician Assistant, Medical; Nurse Practitioner; Nurse Practitioner, Family; Nurse Practitioner, Pediatrics; Emergency Medicine",United States,Yes,03/25/2026,11:20am CST,10:12pm CST,IVR / Phone Tree,IVR / Phone Tree,IVR / Phone Tree,IVR / Phone Tree,AI,Successfully navigated the automated phone tree at BROWN EMERGENCY MEDICINE to reach the scheduling department.,The Infinite Loop,Selecting the scheduling option erroneously returned the caller to the main menu greeting.,Verify internal PBX routing links between the IVR software and the front desk extensions.
"DESERT ORTHOPAEDIC CENTER, LTD.",(702) 731-1616,702-263-9088,2800 E DESERT INN RD STE 100,,LAS VEGAS,NV,891213609,Orthopaedic Surgery,207X00000X,12,"CHELSEY ADAMS, PA; AJIT AMESUR, DO; JOHN BALDAUF, M.D.; ROGER FONTES, MD; GUSTAVO GARCIA, M.D.; KYLE HANCOCK, M.D.; MARK HANSEN, M.D.; SYED HASAN, MD; LAWRENCE HUFF, MD; DANIEL LEE, M.D.",1598087223,NPI-2,2010-02-22,2023-12-18,MICHAEL PENDLETON,Administrator,Orthopaedic Surgery,United States,Yes,03/25/2026,11:21am CST,10:14pm CST,IVR / Phone Tree,IVR / Phone Tree,IVR / Phone Tree,IVR / Phone Tree,AI,"Successfully navigated the automated phone tree at DESERT ORTHOPAEDIC CENTER, LTD. to reach the scheduling department.",Success: Fast-Track,System efficiently identified intent and connected to a live scheduler with minimal input.,No improvement needed; maintain this direct path to patient conversion.
DESERT ORTHOPAEDIC BILLING LLC,(702) 731-1616,702-869-3542,2800 E DESERT INN RD STE 100,,LAS VEGAS,NV,891213609,Orthopaedic Surgery,207X00000X,12,"CHELSEY ADAMS, PA; AJIT AMESUR, DO; JOHN BALDAUF, M.D.; ROGER FONTES, MD; GUSTAVO GARCIA, M.D.; KYLE HANCOCK, M.D.; MARK HANSEN, M.D.; SYED HASAN, MD; LAWRENCE HUFF, MD; DANIEL LEE, M.D.",1972825602,NPI-2,2010-02-22,2024-08-07,MICHAEL PENDLETON,CEO,Orthopaedic Surgery,United States,Yes,03/25/2026,11:37am CST,10:28pm CST,IVR / Phone Tree,IVR / Phone Tree,IVR / Phone Tree,IVR / Phone Tree,AI,Successfully navigated the automated phone tree at DESERT ORTHOPAEDIC BILLING LLC to reach the scheduling department.,Success: Fast-Track,System efficiently identified intent and connected to a live scheduler with minimal input.,No improvement needed; maintain this direct path to patient conversion.
DESERT ORTHOPAEDIC BILLING LLC,(702) 731-1616,702-869-3542,2800 E DESERT INN RD STE 100,,LAS VEGAS,NV,891213609,Orthopaedic Surgery,207X00000X,12,"CHELSEY ADAMS, PA; AJIT AMESUR, DO; JOHN BALDAUF, M.D.; ROGER FONTES, MD; GUSTAVO GARCIA, M.D.; KYLE HANCOCK, M.D.; MARK HANSEN, M.D.; SYED HASAN, MD; LAWRENCE HUFF, MD; DANIEL LEE, M.D.",1972825602,NPI-2,2010-02-22,2024-08-07,MICHAEL PENDLETON,CEO,Orthopaedic Surgery,United States,Yes,03/25/2026,11:39am CST,10:30pm CST,IVR / Phone Tree,IVR / Phone Tree,IVR / Phone Tree,IVR / Phone Tree,AI,Successfully navigated the automated phone tree at DESERT ORTHOPAEDIC BILLING LLC to reach the scheduling department.,Success: Fast-Track,System efficiently identified intent and connected to a live scheduler with minimal input.,No improvement needed; maintain this direct path to patient conversion.
"DESERT ORTHOPAEDIC CENTER, LTD.",(702) 731-1616,702-263-9088,2800 E DESERT INN RD STE 100,,LAS VEGAS,NV,891213609,Orthopaedic Surgery,207X00000X,12,"CHELSEY ADAMS, PA; AJIT AMESUR, DO; JOHN BALDAUF, M.D.; ROGER FONTES, MD; GUSTAVO GARCIA, M.D.; KYLE HANCOCK, M.D.; MARK HANSEN, M.D.; SYED HASAN, MD; LAWRENCE HUFF, MD; DANIEL LEE, M.D.",1598087223,NPI-2,2010-02-22,2023-12-18,MICHAEL PENDLETON,Administrator,Orthopaedic Surgery,United States,Yes,03/25/2026,11:40am CST,10:32pm CST,IVR / Phone Tree,IVR / Phone Tree,IVR / Phone Tree,IVR / Phone Tree,AI,"Successfully navigated the automated phone tree at DESERT ORTHOPAEDIC CENTER, LTD. to reach the scheduling department.",Option Overload,"The system depth exceeds 3 layers of sub-menus, leading to navigation errors and abandonment.",Flatten the IVR architecture to ensure patients reach a person in under 30 seconds.
"DESERT ORTHOPAEDIC CENTER, LTD.",(702) 731-1616,702-263-9088,2800 E DESERT INN RD STE 100,,LAS VEGAS,NV,891213609,Orthopaedic Surgery,207X00000X,12,"CHELSEY ADAMS, PA; AJIT AMESUR, DO; JOHN BALDAUF, M.D.; ROGER FONTES, MD; GUSTAVO GARCIA, M.D.; KYLE HANCOCK, M.D.; MARK HANSEN, M.D.; SYED HASAN, MD; LAWRENCE HUFF, MD; DANIEL LEE, M.D.",1598087223,NPI-2,2010-02-22,2023-12-18,MICHAEL PENDLETON,Administrator,Orthopaedic Surgery,United States,Yes,03/25/2026,11:42am CST,10:33pm CST,IVR / Phone Tree,IVR / Phone Tree,IVR / Phone Tree,IVR / Phone Tree,AI,"Successfully navigated the automated phone tree at DESERT ORTHOPAEDIC CENTER, LTD. to reach the scheduling department.",Voice Maze,Caller was routed through multiple ambiguous voice-recognition prompts that delayed connection.,Simplify the automated greeting and prioritize 'New Appointment' as a top-level option.
NY SOCIETY FOR THE RELIEF OF RUPTURED & CRIPPLED MAINTAINING,(212) 774-7598,,535 E 70TH ST,,NEW YORK,NY,100214823,Orthopaedic Surgery,207X00000X,11,"KATHRYN BARTH, MD; MICHAEL ADASHEV; MATTHEW ABOLA, MD; MICHAEL ADASHEV; TODD ALBERT, MD; ANSWORTH ALLEN, MD; ALEX ANATONE; NICOLE BAKER, MD; KATHRYN BARTH, MD; ALEX ANATONE",1902243488,NPI-2,2013-05-24,2022-01-20,RICHARD CROWLEY,Asst. VP of Operations,Orthopaedic Surgery,United States,Yes,03/25/2026,11:45am CST,10:35pm CST,IVR / Phone Tree,IVR / Phone Tree,IVR / Phone Tree,IVR / Phone Tree,AI,Logged interaction for NY SOCIETY FOR THE RELIEF OF RUPTURED & CRIPPLED MAINTAINING following the observed pattern: Connected with a live staff member at New York Society For The Relief Of The Ruptured And Crippled Maintaini who successfully facilitated a patient scheduling request.,Success: Fast-Track,System efficiently identified intent and connected to a live scheduler with minimal input.,No improvement needed; maintain this direct path to patient conversion.
ALEJANDRO GONZALEZ DELLA VALLE MEDICAL PLLC,(212) 774-7124,212-774-7124,535 E 70TH ST,,NEW YORK,NY,100214823,Orthopaedic Surgery,207X00000X,11,"KATHRYN BARTH, MD; MICHAEL ADASHEV; MATTHEW ABOLA, MD; MICHAEL ADASHEV; TODD ALBERT, MD; ANSWORTH ALLEN, MD; ALEX ANATONE; NICOLE BAKER, MD; KATHRYN BARTH, MD; ALEX ANATONE",1871204255,NPI-2,2022-12-07,2022-12-07,DANIA SANTOS,Billing Manager,Orthopaedic Surgery,United States,Yes,03/25/2026,11:55am CST,10:39pm CST,IVR / Phone Tree,IVR / Phone Tree,IVR / Phone Tree,IVR / Phone Tree,AI,Logged interaction for ALEJANDRO GONZALEZ DELLA VALLE MEDICAL PLLC following the observed pattern: Connected with a live staff member at New York Society For The Relief Of The Ruptured And Crippled Maintaini who successfully facilitated a patient scheduling request.,The Infinite Loop,Selecting the scheduling option erroneously returned the caller to the main menu greeting.,Verify internal PBX routing links between the IVR software and the front desk extensions.
"BRYAN J. NESTOR, M.D., P.C.",(212) 606-1484,212-774-2236,535 E 70TH ST,,NEW YORK,NY,100214872,"Orthopaedic Surgery, Adult Reconstructive Orthopaedic Surgery",207XS0114X,11,"KATHRYN BARTH, MD; MICHAEL ADASHEV; MATTHEW ABOLA, MD; MICHAEL ADASHEV; TODD ALBERT, MD; ANSWORTH ALLEN, MD; ALEX ANATONE; NICOLE BAKER, MD; KATHRYN BARTH, MD; ALEX ANATONE",1851569933,NPI-2,2008-02-12,2008-02-12,BRYAN NESTOR,owner,"Orthopaedic Surgery, Adult Reconstructive Orthopaedic Surgery",United States,Yes,03/25/2026,12:15am CST,10:46pm CST,IVR / Phone Tree,IVR / Phone Tree,IVR / Phone Tree,IVR / Phone Tree,AI,"Logged interaction for BRYAN J. NESTOR, M.D., P.C. following the observed pattern: Connected with a live staff member at New York Society For The Relief Of The Ruptured And Crippled Maintaini who successfully facilitated a patient scheduling request.",Success: Fast-Track,System efficiently identified intent and connected to a live scheduler with minimal input.,No improvement needed; maintain this direct path to patient conversion.
BRYAN T KELLY MD PLLC,(212) 746-5348,,535 E 70TH ST,,NEW YORK,NY,100214872,Orthopaedic Surgery,207X00000X,11,"KATHRYN BARTH, MD; MICHAEL ADASHEV; MATTHEW ABOLA, MD; MICHAEL ADASHEV; TODD ALBERT, MD; ANSWORTH ALLEN, MD; ALEX ANATONE; NICOLE BAKER, MD; KATHRYN BARTH, MD; ALEX ANATONE",1114193257,NPI-2,2008-05-07,2008-05-07,BRYAN KELLY,President,Orthopaedic Surgery,United States,Yes,03/25/2026,12:20am CST,10:48pm CST,IVR / Phone Tree,IVR / Phone Tree,IVR / Phone Tree,IVR / Phone Tree,AI,Logged interaction for BRYAN T KELLY MD PLLC following the observed pattern: Connected with a live staff member at New York Society For The Relief Of The Ruptured And Crippled Maintaini who successfully facilitated a patient scheduling request.,Option Overload,"The system depth exceeds 3 layers of sub-menus, leading to navigation errors and abandonment.",Flatten the IVR architecture to ensure patients reach a person in under 30 seconds.
